data_planejada,codigo,serie,titulo,linha_do_dia,produto,tipo_roteiro,perfil,avatar,template,modelo,gatilhos,status_roteiro,pendencias,visual,headline,intensificador,cta_salvamento,notavel_1,notavel_2,notavel_3,notavel_4,cta_compartilhamento,crenca,apresentacao,cta_final,legenda,notas_antes_de_gravar
2026-10-01,N4,N,Pare de chamar pronação de pisada errada,StepBase,StepBase,reel_feed,Profissional,Carla,T11,Lista de valor prático,Crença,pronto,,você falando direto para a câmera,"Na próxima vez que você for dizer pra uma paciente que ela ""pisa errado"", não faça isso.",Porque a pronação que você viu provavelmente não é o problema dela.,Salva pra lembrar antes da próxima avaliação.,Pronação faz parte do movimento normal. É ela que deixa o pé se adaptar ao chão e absorver carga.,"O que importa é quanto, quando e como o pé prona, se ele consegue sair desse movimento pra impulsionar e se isso tem relação com a queixa.","E tem mais: ""pisa errado"", ""pé torto"", ""arco desabado"" assustam a paciente e não explicam nada. Descreva o que você viu e explique o que isso muda pra ela.",,"Manda pra colega que ainda fala ""seu pé está desabando"" pra paciente.",Você precisa entender o seguinte: biomecânica não serve pra encontrar defeito em pé. Serve pra entender como aquela pessoa usa o próprio corpo.,"Eu sou a Natália Targas e ajudo podólogas presas no mocho a se tornarem especialistas com técnica, autoridade e lucro.",Me segue.,,
2026-10-02,R5,R,A conta que não fecha (machismo),Posicionamento,Posicionamento,reel_feed,Profissional,Carla,,Lista de reconhecimento,"Crença, Reconhecimento",pronto,,,A maioria dos profissionais da nossa área é de mulheres. A maioria dos palestrantes é homem. Alguém me explica essa conta?,"E quando uma mulher sobe no palco, a primeira pergunta nunca é o que ela estudou.",,Conte os palestrantes do último congresso de podologia que você foi. Faça a conta.,"(história própria) Eu já ouvi ""escolhe: o mestrado ou eu"" de um chefe. Ri e escolhi o mestrado.",O problema não é falta de mulher competente. É falta de mulher sendo vista.,,Manda pra toda podóloga que você acha que merece aquele palco.,Você precisa entender o seguinte: a podóloga não precisa de permissão para ser especialista.,"Eu sou a Natália Targas e ajudo podólogas presas no mocho a se tornarem especialistas com técnica, autoridade e lucro.",Comenta o que você já ouviu.,,
2026-10-03,R2,R,A unha que sempre descola,Mentoria,Mentoria Insole360,reel_feed,Profissional,Carla,,Mistério tardiamente revelado,Mistério,pronto,Autorização da aluna (caso da Vânia),,A unha da sua paciente não descola por acaso. E o problema nunca esteve na unha.,"Não é fungo, não é o esmalte, não é o alicate. É algo que quase nenhuma podóloga olha.","Salva, porque você vai lembrar desse vídeo na próxima paciente.","Uma aluna minha atendia uma paciente comum, que só caminhava e fazia academia, e a unha do hálux descolava sempre.","Tratava, a unha crescia, descolava de novo. O ciclo se repetia havia anos.","(revelação) Fizemos uma avaliação biomecânica: hiperpronação bilateral importante. A cada passo, o hálux era empurrado contra o chão. Com a palmilha, as unhas estão impecáveis há mais de um ano.",,"Manda pra aquela colega que sempre reclama da paciente que ""não tem jeito"".",Você precisa entender o seguinte: quem trata a unha e não olha o pé trata a consequência.,"Eu sou a Natália Targas e ajudo podólogas presas no mocho a se tornarem especialistas com técnica, autoridade e lucro.",Me segue.,,
2026-10-04,O1,O,Coisas que toda podóloga já ouviu de paciente,Aquecimento viral,StepBase (aquecimento),reel_feed,Profissional,Carla,,Lista de reconhecimento,Reconhecimento,pronto,,"você reagindo a frases que aparecem na tela, com cara de paisagem",Frases que toda podóloga já ouviu dentro do consultório. A última me tirou do sério.,,,"""É só tirar o calo, né? Rapidinho."" (Rapidinho. Há quatro anos. Toda semana.)","""O moço da loja de tênis disse que eu sou pronada."" (O moço da loja tem mestrado em quê, exatamente?)","""Você faz pé de noiva?"" / ""Quanto é pra passar só um esmaltezinho?""","(a última) ""Mas você é só podóloga ou é doutora mesmo?""",Marca a colega que já ouviu todas.,Você precisa entender o seguinte: a paciente trata a gente do jeito que a gente se posiciona.,"Eu sou a Natália Targas e ajudo podólogas presas no mocho a se tornarem especialistas com técnica, autoridade e lucro.",Comenta a frase que você mais ouve.,Qual dessas você já ouviu essa semana? Conta nos comentários que eu quero fazer a parte 2.,
2026-10-05,A1,A,O que o tape faz na unha encravada,ONICOTAPE,ONICOTAPE,reel_feed,Profissional,Carla,T21,Mistério tardiamente revelado,Mistério,pronto,,,O que acontece com a unha encravada quando você usa o tape?,"E não, o tape não ""cura"" unha encravada. É outra coisa, e é bem mais interessante.",Salva pra mostrar pra sua próxima paciente.,A primeira coisa é que aquela pressão absurda da borda da unha começa a diminuir. A paciente que chegava andando igual um pinguim possuído volta a encostar o pé no chão.,"Porque o tape muda a mecânica da região: reduz tensão, direciona a pele, abre campo ungueal e diminui o atrito que fica inflamando tudo.","(plot twist) O problema não é a unha. Muitas vezes, ninguém te ensinou a olhar biomecanicamente pra ela.",,,Você precisa entender o seguinte: quem trata a unha e não olha o pé trata a consequência.,"Eu sou a Natália Targas e ajudo podólogas presas no mocho a se tornarem especialistas com técnica, autoridade e lucro.","E se você quiser usar o tape como especialista, comenta ONICOTAPE que eu te mostro o caminho.",,
2026-10-06,R1,R,Mocho não é negócio,Mentoria,Mentoria Insole360,reel_feed,Profissional,Carla,,Lista de valor prático,"Crença, Disrupção",pronto,Há um comentário aberto no documento sobre o valor de R$ 1.500,,"Podóloga, se você só ganha quando está sentada no mocho, você não tem um negócio. Você tem um emprego.","E não, a solução não é atender mais gente, nem trabalhar no sábado, nem fazer mais um curso de técnica de unha.","Salva esse vídeo, porque ele pode mudar a forma como você enxerga a sua agenda.","Procedimento avulso tem um teto: o número de horas do seu dia. Não importa quanto você é boa, ele não cresce.","Enquanto a podóloga comum cobra por procedimento, a especialista em biomecânica avalia a pisada e prescreve uma palmilha que custa em média R$ 1.500.","Uma aluna minha, numa cidade pequena de Rondônia, fez mais de R$ 100 mil com palmilhas no primeiro ano.",,"Se você conhece uma podóloga que trabalha até tarde e o dinheiro não cresce, manda esse vídeo pra ela.",Você precisa entender o seguinte: podóloga que entende biomecânica nunca mais depende de procedimento avulso.,"Eu sou a Natália Targas e ajudo podólogas presas no mocho a se tornarem especialistas com técnica, autoridade e lucro.","Me segue e comenta ""PÉ INTEIRO"".",,
2026-10-07,M1,M,3 erros que fazem o tape não funcionar,PODOTAPE,PODOTAPE,reel_feed,Profissional,Carla,T30,Lista de valor prático,Recompensa,pronto,,"você aplicando tape errado e depois certo, lado a lado","Se o seu tape descola em dois dias ou não faz diferença nenhuma, você provavelmente está cometendo um desses 3 erros.",E nenhum deles é a marca do rolo.,Salva pra revisar antes da próxima aplicação.,"(erro) Esticar o tape inteiro, inclusive as pontas. A âncora vai sem tensão; se você estica tudo, a pele puxa de volta e o tape descola.","(erro) Aplicar em pele oleosa, úmida ou com creme. O adesivo não tem onde grudar. Pele limpa e seca, e pontas arredondadas pra não levantar na meia.","(erro) Aplicar sem saber pra quê. Antes do rolo, você precisa saber qual é o objetivo: aliviar tensão, dar suporte, drenar edema. Cada objetivo pede um corte e uma tensão diferentes.",,"Manda pra colega que diz que ""tape não funciona"".","Você precisa entender o seguinte: o tape começa antes do rolo, na avaliação.","Eu sou a Natália Targas e ajudo podólogas presas no mocho a se tornarem especialistas com técnica, autoridade e lucro.",Me segue.,,
2026-10-08,N1,N,"A ""Lei de Root"" não é lei",StepBase,StepBase,reel_feed,Profissional,Carla,T5,Lista de valor prático,Disrupção,pronto,,"você segurando um slide com ""80%"" riscado","""80% das dores do antepé começam no retropé."" Você já ouviu isso num curso de biomecânica. E não é verdade.","Não existe nenhuma lei física chamada ""Lei de Root"". E esse número não tem sustentação científica.",Salva antes do próximo curso que repetir essa frase.,"O Root teve um papel histórico enorme: ele organizou a avaliação do pé por segmentos. Mas o modelo dele nasceu nos anos 60 e 70, com medidas feitas com o pé parado.","Quando os pesquisadores testaram, pés classificados do mesmo jeito se moviam de formas diferentes. A posição parada não previa o movimento.","O retropé influencia o antepé? Sim. Mas o antepé também influencia o resto do pé, e o calçado muda tudo. Influência não é causa, e o corpo não funciona por uma seta de mão única.",,Manda pra colega que ainda procura o problema no calcanhar antes de olhar onde dói.,Você precisa entender o seguinte: o paciente não deve ser encaixado na sua teoria favorita. A teoria é que precisa ajudar você a entender o paciente.,"Eu sou a Natália Targas e ajudo podólogas presas no mocho a se tornarem especialistas com técnica, autoridade e lucro.",Comenta STEPBASE.,,
2026-10-09,D2,D,Os três jeitos de calar uma mulher,Posicionamento,Posicionamento,reel_feed,Profissional,Carla,,Lista de reconhecimento,"Reconhecimento, Crença",pronto,,,"Manterrupting, mansplaining e gaslighting: três jeitos diferentes de tirar a autoridade da fala de uma mulher.","E talvez você esteja aí pensando: ""nossa, essa mulher deve estar traumatizada"". Talvez eu só tenha parado de achar normal o que normalizei por anos.",Salva pra reconhecer da próxima vez.,"Manterrupting é quando um homem interrompe a mulher o tempo todo, até ela ter que disputar o direito de terminar uma frase.","Mansplaining é quando ele explica, de forma condescendente, algo que ela sabe mais do que ele, às vezes a própria especialidade dela.","Gaslighting é mais pesado: negar e distorcer até você duvidar da própria percepção. ""Eu nunca falei isso."" ""Você está exagerando.""",,Manda pra toda mulher da sua área.,Você precisa entender o seguinte: hoje ninguém precisa mandar uma mulher calar a boca. Basta fazer ela desistir de falar.,"Numa profissão ocupada por mulheres, a gente precisa aprender não só a ocupar espaço, mas a reconhecer quando tentam tirá-lo. Eu sou a Natália Targas e ajudo podólogas presas no mocho a se tornarem especialistas com técnica, autoridade e lucro.",Me segue.,,
2026-10-10,O5,O,O pior conselho que uma podóloga recém-formada recebe,Aquecimento viral,StepBase (aquecimento),reel_feed,Profissional,Carla,T29,Mistério tardiamente revelado,"Crença, Mistério",pronto,,você caminhando pelo corredor da clínica,"O pior conselho que uma podóloga recém-formada recebe não é ""cobra barato pra encher a agenda"".","Nem ""faz de tudo pra não perder paciente"". Nem ""primeiro junta dinheiro, depois estuda"".",,"Esses são ruins, mas a gente percebe rápido que não funcionam.","(revelação) O pior é ""você já sabe o suficiente, agora é só prática"". Porque prática sem raciocínio é repetir o mesmo erro com mais velocidade.","Eu ouvi esse conselho. Levei anos para entender que o que me faltava não era mão, era método para olhar o pé.",,Manda pra uma podóloga que acabou de se formar.,Você precisa entender o seguinte: experiência sem método é só tempo de casa.,"Eu sou a Natália Targas e ajudo podólogas presas no mocho a se tornarem especialistas com técnica, autoridade e lucro.",Comenta o pior conselho que você já recebeu.,,
2026-10-11,P1,P,Dia 21 eu vou fazer uma coisa que nunca fiz aqui,Antecipação D-10,StepBase (lançamento),reel_feed,Profissional,Carla,,Mistério tardiamente revelado,"Mistério, Recompensa",pronto,Definir mecanismo de inscrição (automação de direct e/ou link na bio),"você no consultório, olhando um plantígrafo",Dia 21 eu vou fazer uma coisa que eu nunca fiz aqui no Instagram.,E eu estou fazendo isso por causa de uma pergunta que eu recebo quase todo dia.,,"A pergunta é: ""Natália, eu quero entender biomecânica, mas eu não sei por onde começar.""","E eu entendo. Biomecânica parece difícil porque quase sempre ensinam pelo fim: termo técnico, classificação de pé, protocolo pronto.","(revelação) Então, no dia 21, às 20h, no YouTube, eu vou dar uma aula ao vivo e gratuita pra te mostrar por onde começar: como olhar o pé de um jeito que faz sentido, do achado até a hipótese.",,Manda pra colega que vive te fazendo essa pergunta também.,Você precisa entender o seguinte: você não precisa decorar todos os nomes. Precisa aprender a fazer as perguntas certas.,"Eu sou a Natália Targas e ajudo podólogas presas no mocho a se tornarem especialistas com técnica, autoridade e lucro.",Comenta AULA que eu te mando o link.,"Aula ao vivo e gratuita, dia 21/10, às 20h, no YouTube. Comenta AULA que eu te mando o link por direct. 👣",
2026-10-12,O2,O,Você não precisa de mais um curso de técnica,Antecipação D-9,StepBase (lançamento),reel_feed,Profissional,Carla,T28,Lista de valor prático,"Disrupção, Crença",pronto,,você olhando para uma pilha de certificados,Você não precisa de mais um curso de técnica. E eu sei que isso é estranho vindo de quem vende curso.,"Mas presta atenção no que eu vou te falar, porque isso pode mudar o seu próximo ano.",,Tem podóloga com quinze certificados na parede que ainda cobra o mesmo valor de quando se formou.,Porque técnica nova resolve um caso novo. Mas não muda o jeito que a paciente enxerga você.,O que muda o jogo é entender por que o problema aparece. A podóloga que explica a causa deixa de ser comparada pelo preço.,,Manda pra colega que já está procurando o próximo curso.,Você precisa entender o seguinte: técnica te dá um procedimento. Raciocínio te dá uma profissão.,"Eu sou a Natália Targas e ajudo podólogas presas no mocho a se tornarem especialistas com técnica, autoridade e lucro.","Me segue. Dia 21 eu vou dar uma aula ao vivo e gratuita sobre isso, às 20h, no YouTube. Comenta AULA que eu te mando o link.",,
2026-10-13,O4,O,O desafio da pegada,Antecipação D-8,StepBase (lançamento),reel_feed,Profissional,Carla,,Mistério tardiamente revelado,Mistério,pronto,,uma plantigrafia estática na tela inteira,Olha essa pegada e me responde nos comentários antes de o vídeo acabar: esse pé é plano?,"Pensa bem. Eu vou dar a resposta no final, e quase todo mundo erra.",,"Olha a faixa do meio do pé. Ela está bem larga, né? A primeira vontade é dizer ""pé plano"".",Agora me diz: você sabe se essa pessoa sente dor? Se o pé dela se adapta bem quando caminha? Se o dedão participa do passo?,"(revelação) A resposta certa é: não dá pra saber só pela pegada. A plantigrafia mostra onde o pé encostou no papel. Ela não mostra como esse pé funciona, nem se ele é um problema.",,Manda pra colega e vê se ela acerta.,Você precisa entender o seguinte: pegada não é diagnóstico. É uma parte da história.,"Eu sou a Natália Targas e ajudo podólogas presas no mocho a se tornarem especialistas com técnica, autoridade e lucro.","Comenta o que você respondeu antes da revelação. Dia 21 eu vou dar uma aula ao vivo e gratuita sobre isso, às 20h, no YouTube. Comenta AULA que eu te mando o link.",,"Usar uma plantigrafia real sem identificação do paciente, ou uma de demonstração."
2026-10-14,P2,P,O que você vai aprender na aula do dia 21,Antecipação D-7,StepBase (lançamento),reel_feed,Profissional,Carla,,Lista de valor prático,Recompensa,pronto,,"três itens aparecendo na tela, um por vez","Se você for na minha aula do dia 21, você vai sair sabendo três coisas que a maioria das podólogas nunca aprendeu.",,Salva pra lembrar do dia.,"Por que o calo volta sempre no mesmo lugar, e o que investigar antes de tirar de novo.",Como ler uma plantigrafia sem cair no erro mais comum: achar que a parte escura é onde tem mais pressão.,O caminho do achado até a hipótese: o jeito de pensar que separa quem só executa de quem entende o caso.,,Manda pra colega que você quer do seu lado na aula.,Você precisa entender o seguinte: a podóloga que explica a causa deixa de ser comparada pelo preço.,"Eu sou a Natália Targas e ajudo podólogas presas no mocho a se tornarem especialistas com técnica, autoridade e lucro.",Comenta AULA que eu te mando o link.,"Três coisas que você vai aprender na aula ao vivo e gratuita do dia 21/10, às 20h, no YouTube. Comenta AULA. 👣",Confirmar que os três temas estão no roteiro da aula.
2026-10-15,N3,N,O arco mais baixo estava no pé que não doía,Antecipação D-6,StepBase,reel_feed,Profissional,Carla,,Mistério tardiamente revelado,Mistério,pronto,,duas plantigrafias lado a lado,A paciente tinha um calo dolorido no pé direito. E o arco mais baixo estava no esquerdo.,"Se você olhasse só a pegada, ia tratar o pé errado.","Salva, porque esse raciocínio vale pra muita paciente.","Ela é vendedora, passa o dia em pé, e o calo embaixo dos metatarsos centrais volta toda vez que é removido.",O achado mais chamativo era o arco esquerdo mais baixo. Mas o lado esquerdo não doía. Então ele não podia ser o centro da explicação.,"(revelação) No pé direito, o dedão mexia menos, o calcanhar subia mais cedo e a saída do passo acontecia pelo meio do antepé. Somando o sapato estreito de salto do trabalho, estava ali a explicação mais provável.",,Manda pra colega que vive tirando o mesmo calo da mesma paciente.,Você precisa entender o seguinte: um achado verdadeiro pode não ter nada a ver com a queixa.,"Eu sou a Natália Targas e ajudo podólogas presas no mocho a se tornarem especialistas com técnica, autoridade e lucro.","Comenta STEPBASE. Dia 21 eu vou dar uma aula ao vivo e gratuita sobre isso, às 20h, no YouTube. Comenta AULA que eu te mando o link.",,
2026-10-16,O3,O,Sinais de que você já pensa como especialista,Antecipação D-5,StepBase (lançamento),reel_feed,Profissional,Carla,T22,Lista de reconhecimento,Reconhecimento,pronto,,"você no consultório, falando direto para a câmera","Sinais de que você já pensa como especialista em biomecânica, mesmo sem ter estudado isso.",,Salva e conta quantos você marcou.,"(sinal) Você tira o mesmo calo da mesma paciente e fica incomodada, porque sabe que ele vai voltar.",(sinal) Você olha o sapato da paciente antes de olhar o pé.,"(sinal) A unha encravada voltou, e você pensou ""tem alguma coisa no jeito que ela pisa"".",(sinal) Você já sentiu que sabe mais do que consegue explicar.,Manda pra colega que é assim também.,Você precisa entender o seguinte: essa inquietação não é insegurança. É o seu olhar clínico pedindo método.,"Eu sou a Natália Targas e ajudo podólogas presas no mocho a se tornarem especialistas com técnica, autoridade e lucro.","Comenta quantos sinais você marcou. Dia 21 eu vou dar uma aula ao vivo e gratuita sobre isso, às 20h, no YouTube. Comenta AULA que eu te mando o link.",,
2026-10-17,O6,O,Demorei quase 20 anos para aprender isso sobre o pé,Antecipação D-4,StepBase (lançamento),reel_feed,Profissional,Carla,T8,Lista de valor prático,Autoridade,pronto,,você com uma foto antiga do início da carreira na mão,Demorei quase 20 anos para aprender isso sobre o pé. Você vai aprender em 40 segundos.,"E se eu tivesse ouvido isso no primeiro ano, teria poupado muita paciente de tratamento no lugar errado.","Salva, porque isso vale pra carreira inteira.","No começo, eu achava que avaliar era encontrar o que estava errado. Pé plano, pé cavo, calcanhar torto. Achou, tratou.","Até que eu comecei a ver pés ""errados"" sem dor nenhuma. E pés ""perfeitos"" doendo todos os dias.","(a lição) O que eu aprendi é que achado não é causa. Todo pé tem alguma diferença. A pergunta certa não é ""o que tem de errado aqui?"", é ""o que disso tem a ver com a dor dela?"".",,Manda pra colega que está começando.,Você precisa entender o seguinte: biomecânica não serve pra encontrar defeito em pé. Serve pra entender a pessoa.,"Eu sou a Natália Targas e ajudo podólogas presas no mocho a se tornarem especialistas com técnica, autoridade e lucro.","Me segue. Dia 21 eu vou dar uma aula ao vivo e gratuita sobre isso, às 20h, no YouTube. Comenta AULA que eu te mando o link.",,
2026-10-18,P4,P,Bastidores da preparação da aula,Antecipação D-3,StepBase (lançamento),reel_feed,Profissional,Carla,,Mistério tardiamente revelado,Mistério,pronto,,"você na mesa com anotações, plantigrafias sem identificação espalhadas e o Jorge deitado por perto","Faltam três dias pra aula, e eu vou te mostrar uma coisa que ninguém vê.",A parte da aula que dá mais trabalho não é a que aparece na tela.,,"(cena: plantigrafias) Essas aqui são pegadas reais, sem nome de ninguém. Eu passei a semana escolhendo quais vão entrar na aula, porque cada uma engana de um jeito diferente.","(cena: caderno) E aqui estão as perguntas de vocês na caixinha. Muitas delas viraram exemplo. Se a sua pergunta aparecer na aula, você vai reconhecer.","(cena: o Jorge) O Jorge acompanhou tudo. Ele não entendeu nada de biomecânica, mas aprovou o roteiro dormindo em cima dele.",,Manda pra colega que ainda não se inscreveu.,Você precisa entender o seguinte: aula boa não é a que mostra tudo o que eu sei. É a que muda o jeito que você olha o próximo pé.,"Eu sou a Natália Targas e ajudo podólogas presas no mocho a se tornarem especialistas com técnica, autoridade e lucro.","Quarta, às 20h, no YouTube. Comenta AULA que eu te mando o link.","Bastidores da aula de quarta. As pegadas estão escolhidas, as perguntas estão separadas e o Jorge já aprovou. Falta você. Comenta AULA. 👣",Conferir que nenhuma plantigrafia ou pergunta da caixinha identifica paciente ou colega.
2026-10-19,O7,O,Se o Dr. House fosse podólogo,Antecipação D-2,StepBase (lançamento),reel_feed,Profissional,Carla,T10,Lista de valor prático,Popularidade,pronto,,"você de jaleco, com uma bengala de brincadeira; referência só falada","Se o Dr. House fosse podólogo, ele ia odiar a maioria das avaliações que eu vejo por aí.",E ele ia ter razão em pelo menos três coisas.,,"""Todo mundo mente."" Não por maldade: a paciente diz que usa tênis confortável, e o sapato do trabalho tem salto e bico fino. Pergunte sobre a rotina, não só sobre a dor.",Ele nunca ficava com a primeira hipótese. Achou pronação e já decidiu que é a causa? Ele ia perguntar: e se não for?,"Ele testava a hipótese antes de fechar o caso. Na podologia, isso é observar a paciente caminhando, comparar com outro calçado e reavaliar depois.",,Manda pra colega que também é viciada em série médica.,Você precisa entender o seguinte: avaliação boa não é a que encontra mais coisas. É a que faz as perguntas certas.,"Eu sou a Natália Targas e ajudo podólogas presas no mocho a se tornarem especialistas com técnica, autoridade e lucro.","Comenta a sua série médica favorita. Dia 21 eu vou dar uma aula ao vivo e gratuita sobre isso, às 20h, no YouTube. Comenta AULA que eu te mando o link.",,"Não usar trechos, imagens ou áudio da série; a referência é só falada."
2026-10-20,P3,P,Amanhã tem aula,Antecipação D-1,StepBase (lançamento),reel_feed,Profissional,Carla,,Lista de valor prático,Recompensa,pronto,Definir presente ao vivo,"você arrumando o ambiente da aula (luz, plantígrafo, anotações)","Amanhã, às 20h, no YouTube, eu vou te mostrar o que eu demorei quase 20 anos pra entender sobre o pé.",E tem uma coisa que só quem estiver ao vivo vai receber.,,"A aula é gratuita e vai direto ao ponto: o calo que volta, a pegada que engana e o raciocínio que muda o seu atendimento.",Traz uma dúvida de um caso seu. Eu vou separar um tempo pra responder ao vivo.,[Presente para quem estiver ao vivo: definir.],,Manda agora pra colega que disse que ia e ainda não se inscreveu.,"Você precisa entender o seguinte: um olhar diferente sobre o pé muda o seu próximo atendimento, não daqui a um ano.","Eu sou a Natália Targas e ajudo podólogas presas no mocho a se tornarem especialistas com técnica, autoridade e lucro.",Comenta AULA que eu te mando o link.,"É amanhã! Aula ao vivo e gratuita, 21/10, às 20h, no YouTube. Ativa o lembrete e comenta AULA. 👣","Definir o presente de quem assistir ao vivo; se não houver, apagar o intensificador e o Notável 3."
2026-10-21,P5,P,É hoje,Lançamento,StepBase (lançamento),reel_feed,Profissional,Carla,,Lista de valor prático,Recompensa,pronto,,você arrumando o cenário da aula,"É hoje, às 20h, no YouTube. E eu vou te contar o que muda no seu consultório depois dessa aula.",,,"Você vai entender por que o calo volta sempre no mesmo lugar, e o que perguntar antes de tirar de novo.",Vai aprender a ler uma plantigrafia sem cair no erro que quase todo mundo comete.,E vai sair com um jeito de pensar o caso do achado até a hipótese. Quem ficar até o final ainda ganha um presente.,,Manda agora pra colega que vai assistir com você.,Você precisa entender o seguinte: o próximo pé que você atender já pode ser diferente.,"Eu sou a Natália Targas e ajudo podólogas presas no mocho a se tornarem especialistas com técnica, autoridade e lucro.",Comenta AULA que eu te mando o link.,"É hoje! Aula ao vivo e gratuita às 20h, no YouTube. Comenta AULA e ativa o lembrete. 👣",
2026-10-22,N2,N,A parte mais escura da pegada não é onde tem mais pressão,StepBase (carrinho aberto),StepBase (lançamento),reel_feed,Profissional,Carla,T28,Lista de valor prático,Disrupção,pronto,,"uma plantigrafia na mão, apontando para a área mais escura",Essa parte mais escura da plantigrafia não é onde tem mais pressão.,"E se você já explicou isso pra alguma paciente, calma. Quase todo mundo aprendeu assim.",Salva pra não errar na próxima avaliação.,"A plantigrafia registra contato, não pressão. Ela mostra onde o pé encostou no papel.","A cor muda com a quantidade de tinta, o tempo que a paciente ficou parada, a umidade da pele e até se ela se mexeu. Escuro não é sinônimo de sobrecarga.","Pra medir pressão, você precisa de outro equipamento, como a baropodometria. A plantigrafia tem muito valor, desde que você use pro que ela realmente mostra.",,Manda pra colega que usa plantígrafo no consultório.,Você precisa entender o seguinte: uma pegada não é um diagnóstico. É uma parte da história.,"Eu sou a Natália Targas e ajudo podólogas presas no mocho a se tornarem especialistas com técnica, autoridade e lucro.","Isso tudo está no StepBase, e as inscrições estão abertas até domingo. Comenta STEP que eu te mando o link.",,CTA ajustado para o carrinho aberto.
2026-10-23,P6,P,Pra quem é (e pra quem não é) o StepBase,Lançamento,StepBase (lançamento),reel_feed,Profissional,Carla,,Lista de reconhecimento,Reconhecimento,pronto,Aprovar oferta de lançamento,você falando direto para a câmera,O StepBase não é pra toda podóloga. E eu prefiro te falar isso antes de você comprar.,,,"(não é pra você se) Você procura uma técnica nova pra aplicar amanhã sem entender o porquê. O StepBase ensina a pensar, não um protocolo pronto.","(não é pra você se) Você já avalia pisada, faz plantigrafia com critério e monta hipótese com segurança. Aí o seu próximo passo é outro.","(é pra você se) Você tira o mesmo calo da mesma paciente, sente que falta alguma coisa na sua avaliação e quer começar na biomecânica com base sólida, sem decorar termo técnico.",,Manda pra colega que está em dúvida.,Você precisa entender o seguinte: você não precisa saber tudo pra começar. Precisa começar pelo lugar certo.,"Eu sou a Natália Targas e ajudo podólogas presas no mocho a se tornarem especialistas com técnica, autoridade e lucro.",O carrinho fecha domingo. Comenta STEP que eu te mando o link.,,
2026-10-24,P7,P,"As dúvidas da aula, respondidas",Lançamento,StepBase (lançamento),reel_feed,Profissional,Carla,,Lista de valor prático,Recompensa,pronto,Completar duas respostas | Aprovar oferta de lançamento,"perguntas na tela, respostas rápidas",Eu separei as perguntas que mais apareceram na aula de quarta. A terceira é a que mais trava as podólogas.,,,"""Preciso ter plantígrafo pra fazer o curso?"" [Resposta da Natália.]","""Serve pra quem acabou de se formar?"" Serve. O StepBase começa pela base, justamente pra quem quer entrar na biomecânica sem pular etapa.","""E se eu não conseguir acompanhar?"" [Resposta da Natália: tempo de acesso, formato das aulas e garantia de 7 dias.]",,Manda pra colega que te fez uma dessas perguntas.,"Você precisa entender o seguinte: a dúvida que te trava hoje é a mesma que vai estar lá daqui a um ano, se você não der o primeiro passo.","Eu sou a Natália Targas e ajudo podólogas presas no mocho a se tornarem especialistas com técnica, autoridade e lucro.",O carrinho fecha amanhã. Comenta STEP.,,Trocar pelas dúvidas reais que aparecerem no chat da aula.
2026-10-25,P8,P,Últimas horas,Lançamento,StepBase (lançamento),reel_feed,Profissional,Carla,,Mistério tardiamente revelado,"Recompensa, Mistério",pronto,Aprovar oferta de lançamento,você com um relógio ou o celular mostrando a hora,"Hoje, às 23h59, o StepBase fecha. E eu quero te fazer uma pergunta antes.",,,"Quantas vezes, nos últimos meses, você tirou o mesmo calo da mesma paciente?","Cada uma dessas vezes foi um atendimento que podia ter ido além: uma explicação que a paciente ia lembrar, um motivo pra ela voltar e te indicar.","Quem entrar até hoje leva o StepBase com [bônus até o fechamento] e 7 dias de garantia. Depois disso, a turma fecha.",,Manda pra colega que disse que ia entrar e ainda não entrou.,Você precisa entender o seguinte: a podóloga que explica a causa deixa de ser comparada pelo preço.,"Eu sou a Natália Targas e ajudo podólogas presas no mocho a se tornarem especialistas com técnica, autoridade e lucro.",Comenta STEP e eu te mando o link agora.,,
2026-10-26,B1,B,O maior erro na unha encravada,ONICOTAPE,ONICOTAPE,reel_feed,Profissional,Carla,,Lista de valor prático,Crença,pronto,Confirmar fonte do dado de 20% de onicocriptose (ou retirar o número),,O maior erro das podólogas brasileiras não é técnico. É tratar a unha encravada e ignorar o resto do pé.,"E isso está deixando paciente, resultado e dinheiro na mesa.",Salva esse vídeo e revê antes da próxima paciente.,(dado) Estima-se que cerca de 20% de quem procura podologia tem algum grau de onicocriptose. Olha o tamanho disso.,"Quantas dessas pacientes escutam que a unha pode estar sofrendo pela forma como o pé pisa? Pressão errada, atrito, sapato comprimindo, hálux colapsando.","Você tem a paciente na mão e poderia oferecer um cuidado mais completo e mais lucrativo. Só não aprendeu a interpretar marcha, carga e compensações.",,,Você precisa entender o seguinte: quem entende o motivo de a unha continuar adoecendo deixa de ser mais uma e vira especialista.,"Eu sou a Natália Targas e ajudo podólogas presas no mocho a se tornarem especialistas com técnica, autoridade e lucro.","E se você quer entender o caminho para uma solução eficaz, comenta STEP que eu te mostro.",,
2026-10-27,A7,A,A unha encravada que sempre volta,Mentoria,Mentoria Insole360,reel_feed,Profissional,Carla,T9,Lista de valor prático,"Crença, Autoridade",pronto,,,Quem tem unha encravada que sempre volta precisa saber disso.,E vou falar uma coisa que talvez gere polêmica.,,"(opinião) Podólogos e médicos tratam a unha encravada. Mas, na minha opinião de fisioterapeuta especialista em pés, isso é muito mais competência do podólogo do que se imagina, porque é ele quem vê pressão, atrito, deformidade e pele no detalhe.","A unha não encrava do nada. Ela sofre microtrauma o tempo todo: o dedo colapsa, o sapato comprime, o hálux perde mobilidade, a carga vai pra borda.","O tape ajuda a abrir campo, reduzir tensão e pressão. E funciona melhor ainda quando a profissional entende biomecânica, com a palmilha mudando a mecânica que continua traumatizando a unha.",,Manda pra alguém que precisa entender isso.,Você precisa entender o seguinte: às vezes o problema não é a unha que cresce errado. É o corpo inteiro esmagando aquela região todos os dias.,"Eu sou a Natália Targas e ajudo podólogas presas no mocho a se tornarem especialistas com técnica, autoridade e lucro.",Me segue.,,
2026-10-28,M2,M,O tape mais subestimado da podologia,PODOTAPE,PODOTAPE,reel_feed,Profissional,Carla,T16,Lista de valor prático,Recompensa,pronto,,aplicação de tape em leque (linfático) no dorso do pé,O tape mais subestimado da podologia não é o da unha. É esse aqui.,E ele pode mudar a forma como a sua paciente se recupera depois de um procedimento.,Salva pra usar na próxima paciente com inchaço.,"É o tape com função linfática, cortado em tiras finas, em leque, aplicado com pouquíssima tensão.","Ele é usado como recurso para edema, hematoma e inchaço depois de trauma ou procedimento. A ideia é criar pequenas ondulações na pele, e não apertar.","Mas atenção: nunca sobre ferida aberta, e inchaço com dor forte, vermelhidão ou calor na perna precisa de avaliação médica antes de qualquer tape.",,Manda pra colega que só usa tape na unha.,Você precisa entender o seguinte: quem só sabe um tape tem um recurso. Quem entende a função tem um arsenal.,"Eu sou a Natália Targas e ajudo podólogas presas no mocho a se tornarem especialistas com técnica, autoridade e lucro.",Comenta PODOTAPE.,,
2026-10-29,N5,N,O teste do dedão em 30 segundos,StepBase,StepBase,reel_feed,Profissional,Carla,,Lista de valor prático,Recompensa,pronto,,você fazendo o teste (elevação passiva do hálux com a pessoa em pé),Um teste de 30 segundos que mostra como o pé se prepara pra impulsionar.,Você só precisa da paciente em pé e das suas mãos. Mas tem que saber pra onde olhar.,Salva e testa no próximo atendimento.,"Com a paciente em pé, eleve devagar o dedão. Olhe primeiro pra ele: sobe fácil? Tem resistência logo no começo? Dói?","Depois olhe o arco: ele sobe junto? E o calcanhar e a perna, mudam de posição? É a fáscia plantar sendo tensionada, o chamado mecanismo windlass.","Mas atenção: esse teste não é aprovado ou reprovado. Tem gente que quase não levanta o arco e caminha sem dor nenhuma. Ele é uma informação, que só vale junto com a marcha e a queixa.",,Manda pra colega que ainda avalia o dedão só com a paciente sentada.,Você precisa entender o seguinte: o movimento do dedão não pertence só ao dedão.,"Eu sou a Natália Targas e ajudo podólogas presas no mocho a se tornarem especialistas com técnica, autoridade e lucro.",Comenta STEPBASE.,,
2026-10-30,D1,D,Fofocas de congresso,Posicionamento,Posicionamento,reel_feed,Profissional,Carla,,Lista de reconhecimento,"Reconhecimento, Mistério",pronto,Revisar para não identificar pessoas,,Fofocas de congresso que eu provavelmente não deveria contar.,"Mas eu vou contar, porque todas elas ensinam alguma coisa.",,"Já vi palestrante no palco aplicando tape errado, sem princípio, e uma plateia inteira anotando.",Já vi palestra de plantigrafia dizendo que avaliação só estática estava ótima. Eu respirando fundo na cadeira. E já vi professor admitindo que aprendeu tape num vídeo do YouTube.,E a minha favorita: gente passando por mim no corredor fingindo que não me viu… e eu sabendo bem o que aquela pessoa tinha feito.,,Manda pra colega que vai comigo no próximo congresso.,"Você precisa entender o seguinte: congresso também ensina, às vezes pelo conteúdo, às vezes mostrando por que a gente estuda antes de ensinar.",,"Quer a parte 2? Comenta ""PARTE 2"", porque eu tenho material.",,"Sem nomes, eventos ou detalhes que identifiquem alguém."
2026-10-31,R4,R,Você achou que estava pronta,Mentoria,Mentoria Insole360,reel_feed,Profissional,Carla,,Lista de reconhecimento,"Reconhecimento, Crença",pronto,,,"Você saiu do curso técnico achando que estava pronta. Não estava, e a culpa não é sua.",Ninguém te contou que existe uma diferença entre cuidar da unha e entender o pé.,,"(identificação) Você trata bem, a paciente sai feliz… e volta em 30 dias com o mesmo problema.","Isso é a podologia de superfície: a formação que ensina a tratar o que aparece, não o que causa.",A causa quase sempre está na forma como o pé pisa. E isso se aprende.,,Marca aquela amiga que se formou com você.,Você precisa entender o seguinte: podóloga não nasceu para ficar presa no mocho.,"Eu sou a Natália Targas e ajudo podólogas presas no mocho a se tornarem especialistas com técnica, autoridade e lucro.",Me segue.,,
